{
    "status": 200,
    "type": "stack",
    "data": {
        "summary": {
            "total_cases": 13668052,
            "active_cases": 5011463,
            "deaths": 584902,
            "recovered": 8071687,
            "critical": 59301,
            "tested": 262212884,
            "death_ratio": 0.04279336953063977,
            "recovery_ratio": 0.5905513821574574
        },
        "change": {
            "total_cases": 138976,
            "active_cases": 22129,
            "deaths": 3793,
            "recovered": 113054,
            "critical": 95,
            "tested": 1760132,
            "death_ratio": -0.00015923122346937768,
            "recovery_ratio": 0.0022899960879283476
        },
        "generated_on": 1594840866
    }
}
